gate,weight_mod,window,epochs,vector_scope,vector_weight,TN,FP,FN,TP,accuracy,precision,recall,false_positive_rate
69,0.1760372235453217,14,5,21,0.03008925803229323,1,0,9,0,0.1,0,0.0,0.0
69,0.1760372235453217,14,5,21,0.03008925803229323,1,0,9,0,0.1,0,0.0,0.0
38,0.6161818046516048,7,4,9,9.629257053420552,1,0,9,0,0.1,0,0.0,0.0
69,0.1760372235453217,14,5,21,0.03008925803229323,1,0,9,0,0.1,0,0.0,0.0
38,0.6161818046516048,7,4,9,9.629257053420552,1,0,9,0,0.1,0,0.0,0.0
81,0.8180909804691302,3,9,20,2.096666623182279,1,0,9,0,0.1,0,0.0,0.0
